tradeNo,date,name,setup,side,entry,avgEntry,sl,cmp,entryType,initialQty,p1Price,p1Qty,p1Date,p1Sl,p2Price,p2Qty,p2Date,p2Sl,tsl,tslGroups,positionSize,Current Allocation (%),Peak Allocation (%),slPct,e1Price,e1Qty,e1Date,e2Price,e2Qty,e2Date,e3Price,e3Qty,e3Date,openQty,exitedQty,avgExitPrice,stockMove,rewardRisk,holdingDays,positionStatus,realisedAmount,pl,pfImpact,cummPf,planFollowed,exitTrigger,growthAreas,openHeat,baseDuration,notes,unrealizedPL,brokerage,actions,id,broker,transactionHistory,allExchangeTradeIds
1,2026-04-05T00:00:00.000Z,TCS,Breakout,Buy,3500.00,,3360.00,3850.00,PIVOT,25,3600.00,15,2026-04-10T00:00:00.000Z,3500.00,,,,,3700.00,,,,,,3750.00,20,2026-04-18T00:00:00.000Z,3850.00,20,2026-04-25T00:00:00.000Z,,,,,,,,,,,,,,,Yes,Target Hit,,,4W,Clean breakout above resistance with volume,,,,019de44d-0001-70bd-b0c7-trade001,,,
2,2026-04-12T00:00:00.000Z,RELIANCE,Pullback,Buy,2900.00,,2784.00,2760.00,PIVOT,30,,,,,,,,,,,,,,,2784.00,30,2026-04-16T00:00:00.000Z,,,,,,,,,,,,,,,,,,Yes,SL,Failed market breadth,,3W,Stopped out strictly according to plan,,,,019de44d-0002-70bd-b0c7-trade002,,,
3,2026-04-20T00:00:00.000Z,HDFCBANK,Flag,Buy,1620.00,,1555.00,1740.00,VCP,50,,,,,,,,,1680.00,,,,,,1735.00,50,2026-05-02T00:00:00.000Z,,,,,,,,,,,,,,,,,,Yes,Trailing Stop,,,5W,High tightness flag breakout,,,,019de44d-0003-70bd-b0c7-trade003,,,
4,2026-04-26T00:00:00.000Z,TATAMOTORS,Reversal,Buy,980.00,,940.00,980.00,PIVOT,80,,,,,,,,,980.00,,,,,,980.00,80,2026-05-04T00:00:00.000Z,,,,,,,,,,,,,,,,,,Yes,Breakeven,Lost momentum early,,2W,Scratched at cost after stalled thrust,,,,019de44d-0004-70bd-b0c7-trade004,,,
5,2026-05-02T00:00:00.000Z,INFY,Cup with Handle,Buy,1540.00,,1478.00,1680.00,VCP,40,1580.00,20,2026-05-08T00:00:00.000Z,1540.00,,,,,1620.00,,,,,,1660.00,60,2026-05-20T00:00:00.000Z,,,,,,,,,,,,,,,,,,Yes,Climax bar,,,8W,Solid follow through after quarterly results,,,,019de44d-0005-70bd-b0c7-trade005,,,
6,2026-05-15T00:00:00.000Z,ICICIBANK,Breakout,Buy,1150.00,,1104.00,1120.00,PIVOT,60,,,,,,,,,1110.00,,,,,,1115.00,60,2026-05-22T00:00:00.000Z,,,,,,,,,,,,,,,,,,Yes,SL,Sector weakness,,3W,"Failed breakout, cut with minimal loss",,,,019de44d-0006-70bd-b0c7-trade006,,,
7,2026-05-25T00:00:00.000Z,BHARTIARTL,Cheat,Buy,1320.00,,1267.00,1510.00,PIVOT,40,1360.00,25,2026-06-01T00:00:00.000Z,1320.00,1410.00,15,2026-06-08T00:00:00.000Z,1360.00,1450.00,,,,,,1440.00,30,2026-06-15T00:00:00.000Z,1490.00,30,2026-06-24T00:00:00.000Z,1520.00,20,2026-07-02T00:00:00.000Z,,,,,,,,,,,,Yes,Target Hit,,,6W,3-stage pyramiding and systematic 3-stage scaling exit,,,,019de44d-0007-70bd-b0c7-trade007,,,
8,2026-06-10T00:00:00.000Z,SBIN,Pullback,Buy,840.00,,806.00,915.00,PIVOT,90,,,,,,,,,880.00,,,,,,895.00,90,2026-06-25T00:00:00.000Z,,,,,,,,,,,,,,,,,,Yes,Target Hit,,,3W,Clean support bounce,,,,019de44d-0008-70bd-b0c7-trade008,,,
9,2026-07-15T00:00:00.000Z,HAL,Base on Base,Buy,4650.00,,4464.00,5120.50,VCP,18,4800.00,12,2026-07-22T00:00:00.000Z,4650.00,,,,,4950.00,,,,,,5050.00,15,2026-08-05T00:00:00.000Z,,,,,,,,,,,,,,,,,,Yes,Climax bar,,,5W,"PARTIAL EXIT: Booked half at 5050, riding remaining 15 qty with 4950 TSL",,,,019de44d-0009-70bd-b0c7-trade009,,,
10,2026-08-10T00:00:00.000Z,ZOMATO,High Tight Flag,Buy,260.00,,247.00,295.40,PIVOT,300,275.00,150,2026-08-18T00:00:00.000Z,260.00,,,,,280.00,,,,,,,,,,,,,,,,,,,,,,,,,,Yes,,,,3W,"FULLY OPEN TRADE: 450 total shares active, trailing stop at 280 (above entry)",,,,019de44d-0010-70bd-b0c7-trade010,,,