TRADE NO.,DATE,NAME,SETUP,BUY/SELL,ENTRY (₹),AVG ENTRY (₹),SL (₹),CMP (₹),ENTRY TYPE,INITIAL QTY/LOT,P1 PRICE (₹),P1 QTY/LOT,P1 DATE,P1 SL (₹),P2 PRICE (₹),P2 QTY/LOT,P2 DATE,P2 SL (₹),P3 PRICE (₹),P3 QTY/LOT,P3 DATE,P3 SL (₹),P4 PRICE (₹),P4 QTY/LOT,P4 DATE,P4 SL (₹),TSL (₹),POSITION SIZE (₹),CURRENT ALLOCATION (%),PEAK ALLOCATION (%),SL %,E1 PRICE (₹),E1 QTY/LOT,E1 DATE,E2 PRICE (₹),E2 QTY/LOT,E2 DATE,E3 PRICE (₹),E3 QTY/LOT,E3 DATE,E4 PRICE (₹),E4 QTY/LOT,E4 DATE,OPEN QTY/LOT,EXITED QTY/LOT,AVG EXIT PRICE (₹),STOCK MOVE,REWARD:RISK,HOLDING DAYS,POSITION STATUS,REALISED AMOUNT (₹),Gross P/L (₹),PF IMPACT (%),CUMM PF IMPACT (%),PLAN FOLLOWED,EXIT TRIGGER,GROWTH AREAS,CAPITAL AT RISK (%),BASE DURATION,QUICK NOTE,UNREALIZED P/L (₹)
1,2026-01-05,RELIANCE,Breakout,Buy,2500,2500,2450,0,Market,20,,,,,,,,,,,,,,,,,,50000,0,10,2,2600,20,2026-01-08,,,,,,,,,,0,20,2600,4,2,3,Closed,52000,2000,0.4,0.4,Yes,Target Hit,,0,Swing,"Clean 2R target hit",0
2,2026-01-06,TCS,Breakout,Buy,4000,4000,3900,0,Market,10,,,,,,,,,,,,,,,,,,40000,0,8,2.5,3900,10,2026-01-07,,,,,,,,,,0,10,3900,-2.5,-1,1,Closed,39000,-1000,-0.2,0.2,Yes,Stop Loss Hit,,0,Swing,"Initial 1R stop hit",0
3,2026-01-08,INFY,Trend Pullback,Buy,1500,1500,1450,0,Market,30,,,,,,,,,,,,,,,,,,45000,0,9,3.33,1600,30,2026-01-14,,,,,,,,,,0,30,1600,6.67,2,6,Closed,48000,3000,0.6,0.8,Yes,Target Hit,,0,Swing,"2R pullback target hit",0
4,2026-01-12,HDFCBANK,Mean Reversion,Buy,1600,1600,1560,0,Market,25,,,,,,,,,,,,,,,,,,40000,0,8,2.5,1560,25,2026-01-13,,,,,,,,,,0,25,1560,-2.5,-1,1,Closed,39000,-1000,-0.2,0.6,Yes,Stop Loss Hit,,0,Swing,"Mean reversion failed at SL",0
5,2026-01-15,ICICIBANK,Breakout,Buy,1000,1000,970,0,Market,50,,,,,,,,,,,,,,,,,,50000,0,10,3,1060,50,2026-01-20,,,,,,,,,,0,50,1060,6,2,5,Closed,53000,3000,0.6,1.2,Yes,Target Hit,,0,Swing,"2R breakout win",0
6,2026-01-19,SBIN,Breakout,Buy,800,800,770,0,Market,50,,,,,,,,,,,,,,,,,,40000,0,8,3.75,770,50,2026-01-20,,,,,,,,,,0,50,770,-3.75,-1,1,Closed,38500,-1500,-0.3,0.9,Yes,Stop Loss Hit,,0,Swing,"PSU bank false breakout stop",0
7,2026-01-22,BHARTIARTL,Breakout,Buy,1200,1200,1160,0,Market,30,,,,,,,,,,,,,,,,,,36000,0,7.2,3.33,1280,30,2026-01-27,,,,,,,,,,0,30,1280,6.67,2,5,Closed,38400,2400,0.48,1.38,Yes,Target Hit,,0,Swing,"Telecom momentum 2R win",0
8,2026-01-26,LT,Trend Pullback,Buy,3500,3500,3400,0,Market,10,,,,,,,,,,,,,,,,,,35000,0,7,2.86,3400,10,2026-01-28,,,,,,,,,,0,10,3400,-2.86,-1,2,Closed,34000,-1000,-0.2,1.18,Yes,Stop Loss Hit,,0,Swing,"Support break 1R loss",0
9,2026-01-28,ITC,Breakout,Buy,500,500,485,0,Market,100,,,,,,,,,,,,,,,,,,50000,0,10,3,530,100,2026-02-03,,,,,,,,,,0,100,530,6,2,6,Closed,53000,3000,0.6,1.78,Yes,Target Hit,,0,Swing,"FMCG range expansion 2R",0
10,2026-02-02,KOTAKBANK,Mean Reversion,Buy,1800,1800,1750,0,Market,20,,,,,,,,,,,,,,,,,,36000,0,7.2,2.78,1750,20,2026-02-04,,,,,,,,,,0,20,1750,-2.78,-1,2,Closed,35000,-1000,-0.2,1.58,Yes,Stop Loss Hit,,0,Swing,"Failed bounce stopped",0
11,2026-02-03,AXISBANK,Breakout,Buy,1000,1020,960,0,Market,20,1040,20,2026-02-05,980,,,,,,,,,,,,,,40800,0,8.16,4,1100,40,2026-02-10,,,,,,,,,,0,40,1100,7.84,1.6,6,Closed,44000,3200,0.64,2.22,Yes,Target Hit,,0,Swing,"Pyramid average up 20sh @ 1040. Full exit @ 1100",0
12,2026-02-06,TATAMOTORS,Trend Pullback,Buy,600,620,570,0,Market,25,640,25,2026-02-09,600,,,,,,,,,,,,,,31000,0,6.2,5,700,50,2026-02-16,,,,,,,,,,0,50,700,12.9,2.29,9,Closed,35000,4000,0.8,3.02,Yes,Target Hit,,0,Swing,"Pyramid win at 700",0
13,2026-02-12,MARUTI,Breakout,Buy,11000,11100,10700,0,Market,2,11200,2,2026-02-13,10900,,,,,,,,,,,,,,44400,0,8.88,2.73,10900,4,2026-02-17,,,,,,,,,,0,4,10900,-1.8,-0.67,5,Closed,43600,-800,-0.16,2.86,Yes,Stop Loss Hit,,0,Swing,"Pyramid cut at raised stop 10900",0
14,2026-02-16,SUNPHARMA,Breakout,Buy,1500,1520,1450,0,Market,20,1560,10,2026-02-18,1480,,,,,,,,,,,,,,45600,0,9.12,3.33,1650,30,2026-02-24,,,,,,,,,,0,30,1650,8.55,2.17,7,Closed,49500,3900,0.78,3.64,Yes,Target Hit,,0,Swing,"Pharma scale-in win",0
15,2026-02-19,TITAN,Trend Pullback,Buy,3200,3240,3100,0,Market,10,3320,5,2026-02-20,3200,,,,,,,,,,,,,,48600,0,9.72,3.13,3500,15,2026-02-27,,,,,,,,,,0,15,3500,8.02,2.44,8,Closed,52500,3900,0.78,4.42,Yes,Target Hit,,0,Swing,"Titan scale-in target hit",0
16,2026-02-23,BAJFINANCE,Breakout,Buy,6500,6600,6300,0,Market,4,6800,2,2026-02-24,6400,,,,,,,,,,,,,,39600,0,7.92,3.08,6400,6,2026-02-26,,,,,,,,,,0,6,6400,-3.03,-0.75,3,Closed,38400,-1200,-0.24,4.18,Yes,Stop Loss Hit,,0,Swing,"Pyramid stopped at 6400",0
17,2026-02-25,WIPRO,Mean Reversion,Buy,500,510,480,0,Market,50,520,50,2026-02-26,500,,,,,,,,,,,,,,51000,0,10.2,4,495,100,2026-03-02,,,,,,,,,,0,100,495,-2.94,-0.75,5,Closed,49500,-1500,-0.3,3.88,Yes,Stop Loss Hit,,0,Swing,"Pyramid failed at 495 stop",0
18,2026-02-27,NTPC,Breakout,Buy,300,320,285,0,Market,50,320,50,2026-03-02,300,340,50,2026-03-04,320,,,,,,,,,,48000,0,9.6,5,360,150,2026-03-09,,,,,,,,,,0,150,360,12.5,2.18,7,Closed,54000,6000,1.2,5.08,Yes,Target Hit,,0,Swing,"Double pyramid 3-leg winner",0
19,2026-03-02,ONGC,Breakout,Buy,240,240,230,0,Market,150,,,,,,,,,,,,,,,,,,36000,0,7.2,4.17,260,75,2026-03-06,280,75,2026-03-11,,,,,,,0,150,270,12.5,3,7,Closed,40500,4500,0.9,5.98,Yes,Target Hit,,0,Swing,"2-stage partial exit win",0
20,2026-03-04,POWERGRID,Breakout,Buy,300,300,285,0,Market,120,,,,,,,,,,,,,,,,,,36000,0,7.2,5,320,60,2026-03-09,340,60,2026-03-13,,,,,,,0,120,330,10,2,7,Closed,39600,3600,0.72,6.7,Yes,Target Hit,,0,Swing,"Partial profit booking 50/50",0
21,2026-03-06,TATASTEEL,Breakout,Buy,150,150,142,0,Market,300,,,,,,,,,,,,,,,,,,45000,0,9,5.33,160,150,2026-03-11,170,150,2026-03-17,,,,,,,0,300,165,10,1.88,8,Closed,49500,4500,0.9,7.6,Yes,Target Hit,,0,Swing,"Metal momentum scale out",0
22,2026-03-09,COALINDIA,Trend Pullback,Buy,400,400,385,0,Market,100,,,,,,,,,,,,,,,,,,40000,0,8,3.75,420,50,2026-03-13,440,50,2026-03-19,,,,,,,0,100,430,7.5,2,7,Closed,43000,3000,0.6,8.2,Yes,Target Hit,,0,Swing,"Pullback partial profit booking",0
23,2026-03-11,HCLTECH,Breakout,Buy,1400,1400,1350,0,Market,30,,,,,,,,,,,,,,,,,,42000,0,8.4,3.57,1480,15,2026-03-16,1400,15,2026-03-20,,,,,,,0,30,1440,2.86,0.8,7,Closed,43200,1200,0.24,8.44,Yes,Target & Breakeven,,0,Swing,"E1 target win, E2 stopped at breakeven",0
24,2026-03-13,ADANIENT,Breakout,Buy,3000,3000,2900,0,Market,15,,,,,,,,,,,,,,,,,,45000,0,9,3.33,3150,5,2026-03-17,3300,5,2026-03-20,3450,5,2026-03-25,,,,0,15,3300,10,3,8,Closed,49500,4500,0.9,9.34,Yes,Target Hit,,0,Swing,"3-tier scale out winner",0
25,2026-03-16,JSWSTEEL,Breakout,Buy,900,900,860,0,Market,50,,,,,,,,,,,,,,,,,950,45000,0,9,4.44,950,50,2026-03-23,,,,,,,,,,0,50,950,5.56,1.25,7,Closed,47500,2500,0.5,9.84,Yes,Trailing Stop Hit,,0,Swing,"TSL profit lock hit @ 950",0
26,2026-03-17,TECHM,Breakout,Buy,1300,1300,1250,0,Market,30,,,,,,,,,,,,,,,,,1380,39000,0,7.8,3.85,1380,30,2026-03-24,,,,,,,,,,0,30,1380,6.15,1.6,7,Closed,41400,2400,0.48,10.32,Yes,Trailing Stop Hit,,0,Swing,"TSL profit lock hit @ 1380",0
27,2026-03-18,BEL,Breakout,Buy,280,280,268,0,Market,150,,,,,,,,,,,,,,,,,300,42000,0,8.4,4.29,300,150,2026-03-25,,,,,,,,,,0,150,300,7.14,1.67,7,Closed,45000,3000,0.6,10.92,Yes,Trailing Stop Hit,,0,Swing,"Defense rally TSL exit @ 300",0
28,2026-03-20,GRASIM,Trend Pullback,Buy,2200,2200,2120,0,Market,20,,,,,,,,,,,,,,,,,,44000,0,8.8,3.64,2120,20,2026-03-24,,,,,,,,,,0,20,2120,-3.64,-1,4,Closed,42400,-1600,-0.32,10.6,Yes,Stop Loss Hit,,0,Swing,"Failed pullback stopped out",0
29,2026-03-23,DRREDDY,Breakout,Buy,6000,6000,5850,0,Market,8,,,,,,,,,,,,,,,,,,48000,0,9.6,2.5,5850,8,2026-03-26,,,,,,,,,,0,8,5850,-2.5,-1,3,Closed,46800,-1200,-0.24,10.36,Yes,Stop Loss Hit,,0,Swing,"Pharma consolidation stopped",0
30,2026-03-24,CIPLA,Breakout,Buy,1400,1400,1360,0,Market,30,,,,,,,,,,,,,,,,,1400,42000,0,8.4,2.86,1400,30,2026-03-27,,,,,,,,,,0,30,1400,0,0,3,Closed,42000,0,0,10.36,Yes,Breakeven Exit,,0,Swing,"Scratch trade exited at entry cost",0
31,2026-03-25,RELIANCE,Breakout,Buy,2600,2600,2500,2700,Market,15,,,,,,,,,,,,,,,,,,39000,7.8,7.8,3.85,,,,,,,,,,,,,15,0,0,3.85,1,196,Open,0,0,0,10.36,Yes,,,0.3,Swing,"Open swing with +1500 unrealized gain",1500
32,2026-03-26,TCS,Trend Pullback,Buy,4000,4000,3880,4180,Market,10,,,,,,,,,,,,,,,,,4100,40000,8,8,3,,,,,,,,,,,,,10,0,0,4.5,1.5,195,Open,0,0,0,10.36,Yes,,,0,Swing,"Open swing with TSL at 4100 locking 1000 profit",1800
33,2026-03-27,INFY,Breakout,Buy,1600,1620,1560,1680,Market,20,1660,10,2026-03-31,1600,,,,,,,,,,,,,,48600,9.72,9.72,2.5,,,,,,,,,,,,,30,0,0,3.7,1.29,193,Open,0,0,0,10.36,Yes,,,0.28,Swing,"Open pyramid with +1800 unrealized gain",1800
34,2026-03-27,HDFCBANK,Mean Reversion,Buy,1600,1600,1540,1700,Market,30,,,,,,,,,,,,,,,,,,48000,4.8,9.6,3.75,1680,15,2026-04-01,,,,,,,,,,15,15,1680,5.63,1.5,100,Partial,25200,1200,0.24,10.6,Yes,,,0.18,Swing,"Partial open position: 15 exited @ 1680, 15 open @ CMP 1700",1500
35,2026-03-30,ICICIBANK,Breakout,Buy,1100,1100,1060,1080,Market,40,,,,,,,,,,,,,,,,,,44000,8.8,8.8,3.64,,,,,,,,,,,,,40,0,0,-1.82,-0.5,191,Open,0,0,0,10.6,Yes,,,0.32,Swing,"Open position holding support dip (-800)",-800
36,2026-03-30,SBIN,Breakout,Buy,800,800,770,850,Market,50,,,,,,,,,,,,,,,,,820,40000,8,8,3.75,,,,,,,,,,,,,50,0,0,6.25,1.67,191,Open,0,0,0,10.6,Yes,,,0,Swing,"Open position with TSL @ 820 (+1000 protected)",2500
37,2026-03-31,LT,Trend Pullback,Buy,3600,3600,3480,3720,Market,12,,,,,,,,,,,,,,,,,,43200,8.64,8.64,3.33,,,,,,,,,,,,,12,0,0,3.33,1,190,Open,0,0,0,10.6,Yes,,,0.29,Swing,"Open position +1440 unrealized gain",1440
38,2026-03-31,BHARTIARTL,Breakout,Buy,1300,1300,1250,1400,Market,30,,,,,,,,,,,,,,,,,1340,39000,3.9,7.8,3.85,1380,15,2026-04-03,,,,,,,,,,15,15,1380,6.92,1.8,97,Partial,20700,1200,0.24,10.84,Yes,,,0,Swing,"Partial open position with TSL @ 1340",1500
39,2026-04-01,TITAN,Breakout,Buy,3500,3500,3380,3600,Market,12,,,,,,,,,,,,,,,,,,42000,8.4,8.4,3.43,,,,,,,,,,,,,12,0,0,2.86,0.83,189,Open,0,0,0,10.84,Yes,,,0.29,Swing,"Open position +1200 unrealized gain",1200
40,2026-04-01,MARUTI,Breakout,Buy,12000,12000,11600,11850,Market,4,,,,,,,,,,,,,,,,,,48000,9.6,9.6,3.33,,,,,,,,,,,,,4,0,0,-1.25,-0.37,189,Open,0,0,0,10.84,Yes,,,0.32,Swing,"Open position holding pullback (-600)",-600