broker,segment,brokerage_type,brokerage_flat_inr,brokerage_pct_max,stt_buy_pct,stt_sell_pct,exchange_fee_pct,gst_pct,sebi_per_crore,stamp_duty_buy_pct
zerodha,intraday,lower_of_flat_or_pct,20,0.03,0,0.025,0.00322,18,10,0.003
zerodha,delivery,free,0,0,0.1,0.1,0.00322,18,10,0.015
zerodha,futures,flat,20,0,0,0.02,0.002,18,10,0.002
zerodha,options,flat,20,0,0,0.1,0.053,18,10,0.003
groww,intraday,flat,20,0,0,0.025,0.00322,18,10,0.003
groww,delivery,free,0,0,0.1,0.1,0.00322,18,10,0.015
groww,futures,flat,20,0,0,0.02,0.002,18,10,0.002
groww,options,flat,20,0,0,0.1,0.053,18,10,0.003
dhan,intraday,free,0,0,0,0.025,0.00322,18,10,0.003
dhan,delivery,free,0,0,0.1,0.1,0.00322,18,10,0.015
dhan,futures,free,0,0,0,0.02,0.002,18,10,0.002
dhan,options,free,0,0,0,0.1,0.053,18,10,0.003
upstox,intraday,lower_of_flat_or_pct,20,0.05,0,0.025,0.00322,18,10,0.003
upstox,delivery,free,0,0,0.1,0.1,0.00322,18,10,0.015
upstox,futures,flat,20,0,0,0.02,0.002,18,10,0.002
upstox,options,flat,20,0,0,0.1,0.053,18,10,0.003
angelone,intraday,lower_of_flat_or_pct,20,0.25,0,0.025,0.00322,18,10,0.003
angelone,delivery,free,0,0,0.1,0.1,0.00322,18,10,0.015
angelone,futures,flat,25,0,0,0.02,0.002,18,10,0.002
angelone,options,flat,25,0,0,0.1,0.053,18,10,0.003
fyers,intraday,flat,20,0,0,0.025,0.00322,18,10,0.003
fyers,delivery,free,0,0,0.1,0.1,0.00322,18,10,0.015
fyers,futures,flat,20,0,0,0.02,0.002,18,10,0.002
fyers,options,flat,20,0,0,0.1,0.053,18,10,0.003
